{"stats":{"minecraft:used":{"minecraft:wooden_axe":20,"minecraft:crafting_table":1,"minecraft:stone_pickaxe":7,"minecraft:wooden_pickaxe":6},"minecraft:killed":{"minecraft:cow":5},"minecraft:crafted":{"minecraft:oak_planks":72,"minecraft:stone_axe":1,"minecraft:crafting_table":1,"minecraft:stick":8,"minecraft:wooden_pickaxe":1,"minecraft:stone_pickaxe":1,"minecraft:wooden_axe":1},"minecraft:picked_up":{"minecraft:stick":1,"minecraft:leather":3,"minecraft:beef":12,"minecraft:oak_log":18,"minecraft:coal":6,"minecraft:cobblestone":7},"minecraft:mined":{"minecraft:grass":1,"minecraft:coal_ore":6,"minecraft:oak_log":18,"minecraft:stone":7,"minecraft:oak_leaves":2},"minecraft:custom":{"minecraft:time_since_rest":5154,"minecraft:crouch_one_cm":94,"minecraft:sprint_one_cm":14063,"minecraft:play_time":5154,"minecraft:walk_one_cm":14650,"minecraft:sneak_time":22,"minecraft:walk_under_water_one_cm":1230,"minecraft:mob_kills":5,"minecraft:jump":111,"minecraft:damage_dealt":500,"minecraft:walk_on_water_one_cm":356,"minecraft:time_since_death":5154,"minecraft:total_world_time":5154,"minecraft:swim_one_cm":1877,"minecraft:interact_with_crafting_table":2,"minecraft:fall_one_cm":3042,"minecraft:fly_one_cm":20926}},"DataVersion":3465}