{"stats":{"minecraft:picked_up":{"minecraft:dark_oak_sapling":1,"minecraft:dark_oak_log":9,"minecraft:dirt":13,"minecraft:cobblestone":13},"minecraft:custom":{"minecraft:time_since_rest":4909,"minecraft:crouch_one_cm":229,"minecraft:play_time":4909,"minecraft:sprint_one_cm":6738,"minecraft:walk_one_cm":6023,"minecraft:sneak_time":156,"minecraft:jump":29,"minecraft:time_since_death":4909,"minecraft:total_world_time":4909,"minecraft:fall_one_cm":627,"minecraft:interact_with_crafting_table":3,"minecraft:fly_one_cm":3565},"minecraft:used":{"minecraft:crafting_table":1,"minecraft:stone_pickaxe":11,"alexsmobs:animal_dictionary":1,"minecraft:wooden_pickaxe":3,"minecraft:wooden_shovel":13},"minecraft:mined":{"minecraft:grass_block":4,"minecraft:dirt":9,"minecraft:dark_oak_leaves":1,"minecraft:stone":14,"minecraft:dark_oak_log":9},"minecraft:crafted":{"minecraft:wooden_shovel":1,"minecraft:dark_oak_planks":20,"minecraft:crafting_table":1,"minecraft:stick":16,"minecraft:stone_pickaxe":1,"minecraft:wooden_pickaxe":1}},"DataVersion":3120}