{"stats":{"minecraft:killed":{"minecraft:skeleton":1,"minecraft:zombie":1},"minecraft:custom":{"minecraft:time_since_rest":12306,"minecraft:sprint_one_cm":36987,"minecraft:damage_taken":160,"minecraft:walk_one_cm":21458,"minecraft:mob_kills":2,"minecraft:damage_dealt":450,"minecraft:swim_one_cm":2342,"minecraft:interact_with_crafting_table":5,"minecraft:fly_one_cm":37840,"minecraft:crouch_one_cm":8454,"minecraft:play_time":12306,"minecraft:sneak_time":2232,"minecraft:walk_under_water_one_cm":95,"minecraft:jump":216,"minecraft:leave_game":2,"minecraft:walk_on_water_one_cm":347,"minecraft:time_since_death":12306,"minecraft:total_world_time":12306,"minecraft:fall_one_cm":4358},"minecraft:crafted":{"minecraft:wooden_shovel":1,"minecraft:crafting_table":1,"minecraft:stick":16,"minecraft:wooden_pickaxe":1,"minecraft:stone_pickaxe":1,"minecraft:stone_sword":1,"minecraft:dark_oak_planks":20,"minecraft:torch":28,"minecraft:stone_axe":1},"minecraft:used":{"minecraft:stone_sword":10,"minecraft:stone_pickaxe":119,"minecraft:wooden_pickaxe":3,"minecraft:wooden_shovel":26,"minecraft:rotten_flesh":2,"minecraft:stone_axe":3,"minecraft:torch":7,"minecraft:cobblestone":12,"minecraft:crafting_table":2,"alexsmobs:animal_dictionary":1},"minecraft:picked_up":{"minecraft:dark_oak_sapling":1,"minecraft:crafting_table":2,"minecraft:torch":4,"minecraft:gravel":10,"minecraft:flint":1,"minecraft:sand":3,"minecraft:dirt":13,"minecraft:dark_oak_log":9,"minecraft:bone":2,"minecraft:rotten_flesh":2,"minecraft:coal":45,"minecraft:cobblestone":74},"minecraft:mined":{"minecraft:dark_oak_leaves":1,"minecraft:dark_oak_log":9,"minecraft:crafting_table":2,"minecraft:torch":1,"minecraft:grass_block":4,"minecraft:coal_ore":45,"minecraft:gravel":11,"minecraft:sand":3,"minecraft:dirt":9,"minecraft:stone":74,"minecraft:wall_torch":3}},"DataVersion":3120}