{"stats":{"minecraft:used":{"minecraft:torch":1,"minecraft:crafting_table":1,"minecraft:wooden_pickaxe":42},"minecraft:crafted":{"minecraft:oak_planks":12,"minecraft:torch":4,"minecraft:crafting_table":1,"minecraft:stick":4,"minecraft:wooden_pickaxe":1},"minecraft:picked_up":{"minecraft:oak_log":19,"minecraft:oak_sapling":1,"minecraft:coal":1,"minecraft:dirt":9,"minecraft:cobblestone":32},"minecraft:mined":{"minecraft:oak_log":19,"minecraft:grass_block":4,"minecraft:coal_ore":1,"minecraft:dirt":6,"minecraft:stone":32,"minecraft:oak_leaves":17},"minecraft:custom":{"minecraft:time_since_rest":6573,"minecraft:sprint_one_cm":8787,"minecraft:crouch_one_cm":956,"minecraft:play_time":6573,"minecraft:walk_one_cm":14199,"minecraft:sneak_time":360,"minecraft:jump":53,"minecraft:walk_on_water_one_cm":400,"minecraft:time_since_death":6573,"minecraft:total_world_time":6573,"minecraft:fall_one_cm":1045,"minecraft:interact_with_crafting_table":1,"minecraft:fly_one_cm":8194}},"DataVersion":3465}