{"stats":{"minecraft:picked_up":{"minecraft:rotten_flesh":1,"minecraft:cod":1,"minecraft:dark_oak_log":3},"minecraft:killed":{"minecraft:zombie":3,"minecraft:cod":2},"minecraft:used":{"minecraft:wooden_sword":28,"minecraft:crafting_table":1},"minecraft:crafted":{"minecraft:wooden_sword":1,"minecraft:dark_oak_planks":12,"minecraft:crafting_table":1,"minecraft:stick":4},"minecraft:custom":{"minecraft:time_since_rest":5498,"minecraft:sprint_one_cm":13275,"minecraft:play_time":5498,"minecraft:damage_taken":120,"minecraft:walk_one_cm":15529,"minecraft:sneak_time":34,"minecraft:walk_under_water_one_cm":5300,"minecraft:mob_kills":5,"minecraft:jump":126,"minecraft:damage_dealt":1064,"minecraft:leave_game":2,"minecraft:walk_on_water_one_cm":2654,"minecraft:time_since_death":5498,"minecraft:total_world_time":5498,"minecraft:swim_one_cm":11200,"minecraft:interact_with_crafting_table":1,"minecraft:fall_one_cm":4772,"minecraft:fly_one_cm":30862},"minecraft:mined":{"minecraft:dark_oak_log":3}},"DataVersion":3120}